"id","name","last_name","patronymic","address","department_id","position","birthday","phone_number","email"
"1","Ruby","Turcotte","Cameron","39253 Steuber Centers","17","District Integration Producer","1977-09-13T19:06:22.899","380772836988","Richmond.Kertzmann@gmail.com"
"2","Carey","Graham","Charlie","24321 Von Drives","53","Human Security Supervisor","1962-08-07T00:01:57.137","380951539641","Shaina_Zulauf@gmail.com"
"3","Kaela","Batz","Avery","9622 Clotilde Knoll","44","Human Intranet Facilitator","1962-03-10T14:15:38.392","380742614184","Anya22@hotmail.com"
"4","Emil","Emmerich","Brooklyn","411 Miguel Pike","97","International Group Facilitator","1987-01-05T06:46:28.993","380686353603","Noah.Runolfsson2@yahoo.com"
"5","Rudy","Block","River","191 McKenzie Fork","89","Human Brand Facilitator","1979-01-15T00:42:52.491","380814075891","Armani.Carroll1@hotmail.com"
"6","Alvena","Ratke","Parker","57978 Mae Underpass","30","International Factors Producer","1980-01-15T08:29:52.350","380986392560","Nettie72@gmail.com"
"7","Edwin","Crooks","Rowan","993 Nathanial Alley","84","Legacy Brand Technician","1968-05-29T18:09:12.522","380792798137","Kali.Abbott@yahoo.com"
"8","Giovanni","Kerluke","Phoenix","65268 Paul Trace","59","Customer Group Producer","1968-06-17T18:06:57.928","380927839801","Beau60@hotmail.com"
"9","Marcia","VonRueden","Leslie","051 Tommie Haven","23","International Program Analyst","2005-01-13T02:04:00.985","380895332030","Ressie.Rodriguez@hotmail.com"
"10","Jadyn","Ebert","Reign","138 Nolan Extensions","76","Internal Tactics Designer","1996-08-04T03:10:55.693","380975997627","Chaim.Schimmel79@gmail.com"
"11","Kieran","Wehner","Taylor","759 Jadon Island","20","Human Integration Specialist","2004-09-14T13:29:19.532","380922845477","Juana_Murazik@gmail.com"
"12","Sven","Vandervort","North","196 Schneider Parkways","44","Direct Data Agent","1973-10-19T15:25:01.590","380949696981","Nigel26@yahoo.com"
"13","Margaret","Olson","Parker","4456 Ferry Way","60","Global Security Director","1950-12-12T08:37:36.655","380858161931","Amy_Conn@hotmail.com"
"14","Ludwig","Ward","Jamie","13645 Ankunding Extensions","67","National Communications Orchestrator","1955-11-22T09:58:53.797","380703986012","Patricia.Braun32@yahoo.com"
"15","Raul","Green","Rowan","9837 Cummerata Isle","45","Lead Identity Designer","1944-04-08T00:44:48.902","380749836246","Janice.Barrows@gmail.com"
"16","Kennedi","Pouros","Jaden","61991 Johnston Parkway","85","Product Web Designer","1966-04-30T01:51:48.560","380733568130","Berta3@hotmail.com"
"17","Ellen","Ondricka","Finley","6919 Antonia Union","21","District Security Consultant","2005-07-13T13:34:07.783","380852234561","Alexander_Parker33@yahoo.com"
"18","Ernestine","Gleason","Ellis","917 Sebastian Viaduct","66","Senior Marketing Consultant","1952-05-18T01:08:49.738","380752789233","Sally.Schoen53@gmail.com"
"19","Jaycee","Botsford","Austin","7885 Nash Trafficway","99","Dynamic Interactions Specialist","1961-06-05T02:15:20.764","380694161448","Elbert10@hotmail.com"
"20","Kaleigh","Yost","Anderson","66077 Minerva Motorway","21","Senior Assurance Producer","1997-01-31T03:31:11.011","380969023300","Zander25@hotmail.com"
"21","Wiley","Lehner","Kennedy","1630 Eleanora Landing","11","Central Operations Facilitator","1949-01-09T17:31:46.037","380688925306","Katlyn.Blick40@yahoo.com"
"22","Rosalind","Durgan","Nico","06286 Turcotte Passage","50","Investor Creative Engineer","1945-10-22T19:34:03.545","380856958709","Nova70@hotmail.com"
"23","Edmond","Goldner","Sage","93207 Stuart Key","17","Forward Identity Agent","1958-08-21T20:18:52.317","380989197064","Brooke61@gmail.com"
"24","Destiny","Metz","Brooklyn","571 Oswald Mall","75","Dynamic Usability Orchestrator","1959-06-25T13:59:10.823","380840307951","Hulda_Daugherty27@hotmail.com"
"25","Darrion","Herzog","Logan","10338 Garrick Valleys","33","Senior Integration Technician","1973-03-16T14:20:40.568","380911730877","Rasheed.Hauck95@yahoo.com"
"26","Edwina","Casper","Anderson","49625 Kody Rue","9","Future Identity Developer","2004-06-03T09:34:51.090","380730130483","Clare8@gmail.com"
"27","Orlando","Cummerata","Bowie","6549 Wolff Brooks","43","Customer Directives Executive","1956-11-21T01:53:49.236","380835278609","Gino.Kirlin@hotmail.com"
"28","Rick","Bogan","Quinn","20950 Deckow Stream","74","Regional Accounts Consultant","2006-09-17T17:57:39.998","380690437920","Maddison43@gmail.com"
"29","Garland","Dickens","Emerson","446 Conroy Pike","43","Product Interactions Facilitator","1983-05-07T07:38:21.570","380828277847","Riley.Kutch@yahoo.com"
"30","Alysson","Mertz","Jules","983 Nelda Plaza","38","Global Web Specialist","1965-03-06T23:34:57.438","380682970929","Genoveva_Lind61@yahoo.com"
"31","Amber","Smitham","Bowie","475 Herminia Club","70","Global Intranet Associate","1984-01-06T00:47:34.275","380717055669","Rowan_Carter@hotmail.com"
"32","Oren","Jacobi","Avery","6456 Josianne Mill","83","Forward Identity Planner","1952-03-21T06:00:01.640","380709091052","Reynold88@hotmail.com"
"33","Estelle","Schulist","Reese","66734 Labadie Terrace","51","Regional Paradigm Developer","1983-06-11T00:07:46.387","380928548431","Manuela.Reynolds89@hotmail.com"
"34","Lewis","Sanford","Phoenix","0696 Walker Parks","39","Product Infrastructure Strategist","1961-09-18T01:46:05.769","380828563368","Mona.Rosenbaum@yahoo.com"
"35","Jody","Walter","Avery","422 Turner Mission","68","Investor Creative Developer","1947-11-06T07:35:01.465","380850469488","Favian43@gmail.com"
"36","Nikko","Yundt","Gray","17829 Farrell Views","15","Lead Applications Orchestrator","1984-05-02T18:07:28.571","380989503438","Elias_Murray@gmail.com"
"37","Elouise","Leannon","Phoenix","8906 Rempel Brooks","95","District Solutions Planner","1960-03-27T09:46:51.278","380912188256","Gladyce12@yahoo.com"
"38","Mohamed","Gerlach","Emerson","891 Delilah Turnpike","28","Direct Research Director","1998-01-08T22:46:04.765","380973186594","Maybell98@yahoo.com"
"39","Kiara","Padberg","James","06150 Helga Alley","64","Dynamic Configuration Planner","1968-03-29T04:10:34.429","380957905948","Elfrieda21@hotmail.com"
"40","Lucious","Hartmann","Reign","11822 Cullen Haven","89","Investor Integration Administrator","1990-04-05T01:33:38.114","380823723456","Lonny.Hartmann55@gmail.com"
"41","Jeramy","Veum","Avery","63906 Quigley Cliffs","61","Forward Research Representative","1950-08-15T10:19:51.942","380800904988","Dejon.Hoppe79@yahoo.com"
"42","Efrain","Toy","Gray","37825 Keara Ramp","95","Direct Assurance Orchestrator","1956-10-01T10:26:23.569","380855737672","Annamae39@yahoo.com"
"43","Karianne","Sanford","Sage","99693 Josie Inlet","85","Central Interactions Technician","1972-01-04T01:19:30.116","380799462414","Janet_VonRueden@yahoo.com"
"44","Era","Gislason","Bowie","641 Heather Spurs","73","Senior Applications Representative","1988-12-18T04:14:31.780","380956278799","Caesar83@gmail.com"
"45","Imelda","Pacocha","Reese","28362 Hershel Ferry","66","Principal Infrastructure Specialist","1975-07-18T11:19:45.930","380927238882","Ara_Swaniawski@gmail.com"
"46","Keira","Batz","Reese","29747 Grant Points","91","Direct Infrastructure Orchestrator","1947-10-26T01:05:54.126","380809685336","Maggie.Blick2@hotmail.com"
"47","Devan","Lebsack","Avery","04494 Stark Dale","21","Direct Operations Executive","1985-03-01T19:46:29.135","380693403543","Magali.Casper@hotmail.com"
"48","Nasir","O'Hara","Sawyer","22302 Marcia Well","71","Chief Optimization Specialist","1976-07-23T19:27:18.489","380943621957","Annabelle_DAmore@yahoo.com"
"49","Dustin","Fay","Sage","781 Eugenia Ports","95","International Accountability Orchestrator","1993-01-14T01:41:20.212","380732661355","Celia.Boyle@hotmail.com"
"50","Nickolas","McDermott","Shawn","0692 Rosie Walks","15","National Data Planner","1999-04-15T03:21:55.522","380696488682","Madalyn21@yahoo.com"
"51","Estrella","Mitchell","Kendall","683 Selmer Corners","25","Lead Quality Liaison","1983-03-02T07:52:56.977","380803893183","Mikayla_Moore@hotmail.com"
"52","Estella","Mertz","Quinn","282 Ophelia Mews","29","Chief Assurance Technician","1951-05-19T16:58:19.238","380945514409","Sarah.Boyer33@yahoo.com"
"53","Aurelia","Greenfelder","Marlowe","011 Schmeler Turnpike","23","Chief Tactics Analyst","1992-05-18T01:47:59.061","380807151800","Lorenza_Gleichner@yahoo.com"
"54","Sim","Fahey","Anderson","8558 Anais Grove","14","National Branding Specialist","1964-05-03T20:55:20.826","380690135695","Rhianna69@hotmail.com"
"55","Donny","Lemke","Kai","673 Cremin Place","22","Internal Marketing Coordinator","1982-08-08T12:58:39.163","380931943040","Darron_Walker70@yahoo.com"
"56","Finn","Wilkinson","Cameron","7287 Bartell Rapids","85","Direct Program Technician","2000-05-07T17:26:11.634","380921390135","Kristy70@gmail.com"
"57","Jeramie","Rowe","Hayden","913 Heathcote Centers","49","Future Integration Developer","1977-07-19T07:12:04.479","380940162174","Ezra64@gmail.com"
"58","Etha","Roberts","Riley","56226 Paxton Unions","98","Senior Interactions Consultant","1977-07-18T05:32:06.870","380859461352","Dianna34@hotmail.com"
"59","Mary","Roberts","Reese","50187 Maude Manor","1","Forward Creative Specialist","1992-06-22T08:26:26.117","380763702229","Luciano_Larson@hotmail.com"
"60","Coby","Kovacek","Riley","7055 Bruen Ridges","72","Direct Tactics Assistant","1995-02-26T00:14:29.973","380940903635","Carlee8@yahoo.com"
"61","Libby","Mitchell","Reign","115 Dorris Shore","25","Forward Solutions Engineer","1962-08-25T05:08:00.384","380694008895","Alexys5@yahoo.com"
"62","Chloe","Durgan","London","458 Lockman Drive","25","District Brand Manager","1959-08-15T23:47:37.927","380829932639","Elouise_Purdy45@hotmail.com"
"63","Leilani","Kreiger","Bailey","926 Hermann Prairie","23","Customer Creative Architect","1957-12-14T18:07:30.911","380741171008","Camron.Ullrich49@hotmail.com"
"64","Noemie","Krajcik","Billie","101 Louisa Courts","15","Chief Assurance Orchestrator","1974-10-15T07:22:41.854","380961985816","Arvilla_Predovic15@yahoo.com"
"65","Ricardo","Conn","Reese","85884 Anya Row","53","Senior Markets Liaison","2001-01-02T18:34:53.261","380827388378","Pearl6@hotmail.com"
"66","Silas","Hoeger","Arden","567 Roslyn Divide","50","Legacy Factors Orchestrator","1998-05-02T13:45:58.070","380915201413","Rachael55@gmail.com"
"67","Bennie","Leffler","Addison","930 Rafael Stravenue","40","Human Creative Consultant","1999-08-25T08:24:50.026","380828518554","Maximus.Pfannerstill14@hotmail.com"
"68","Richie","Koepp","Riley","6576 Reichert Loop","96","District Implementation Liaison","2003-04-03T14:41:01.553","380928150812","Eleazar96@gmail.com"
"69","Gregory","Okuneva","Alex","599 Gerhard Crescent","66","Forward Division Consultant","1969-05-18T13:43:59.683","380878811807","Luciano.Towne@yahoo.com"
"70","Brittany","Tremblay","River","2049 Stamm Harbors","27","Direct Markets Manager","1986-04-08T11:21:06.576","380727450239","Shana82@gmail.com"
"71","Karl","Weimann","Anderson","856 Lehner Fort","63","Product Paradigm Specialist","2006-06-26T16:20:23.859","380697171091","Annamarie17@hotmail.com"
"72","Olin","Kshlerin","Dakota","42956 Lonny Hollow","35","Forward Web Consultant","1968-11-28T12:31:35.071","380733255941","Jaqueline.Pouros73@hotmail.com"
"73","Anderson","Borer","Bowie","459 Jacynthe Course","27","Human Optimization Officer","2001-04-30T01:06:54.385","380840708862","Jermey91@hotmail.com"
"74","Isom","Friesen","Kendall","24495 Beier Lock","62","Global Interactions Analyst","1958-08-29T21:36:43.674","380972799830","Barton_OReilly@gmail.com"
"75","Carlotta","Bartoletti","Marlowe","31655 Denesik Circles","38","Dynamic Implementation Manager","1983-03-17T16:22:07.935","380778041062","Carter89@hotmail.com"
"76","Mack","Schuppe","Jaden","820 Lewis Trace","1","District Program Technician","1966-03-27T06:19:24.771","380858504222","Ciara28@gmail.com"
"77","Claire","Effertz","Finley","3617 General Trafficway","13","District Assurance Orchestrator","1999-12-10T10:17:59.747","380698971629","Katrine_Wunsch@yahoo.com"
"78","Aliyah","Cronin","Jules","922 Chelsea Pine","35","Senior Intranet Manager","1956-01-11T18:49:55.866","380808531984","Lance95@yahoo.com"
"79","Edyth","Ratke","Sawyer","77353 Bogan Knoll","53","Dynamic Tactics Architect","1992-03-11T21:32:31.655","380909901697","Oliver67@gmail.com"
"80","Rosalyn","Bayer","Rowan","89739 Olson Oval","97","District Infrastructure Facilitator","1952-02-14T17:54:11.570","380919889443","Agnes65@hotmail.com"
"81","Rocky","Flatley","Blake","675 Novella Lodge","34","Forward Branding Engineer","1976-06-02T21:43:15.951","380713031822","Eleonore.Pfeffer@gmail.com"
"82","Elza","Larson","Robin","669 Greg Summit","37","Forward Branding Orchestrator","1982-08-01T10:54:24.839","380985038977","Chris25@hotmail.com"
"83","Zena","White","North","07183 Heidenreich Neck","55","National Quality Designer","1983-04-04T23:07:20.105","380796252233","Keaton_Schuster53@yahoo.com"
"84","Blanca","Abshire","Addison","73566 Fisher Way","81","Senior Intranet Analyst","1948-02-24T12:18:38.001","380849911723","Alysha_OConnell@hotmail.com"
"85","Finn","Rau","Leslie","04083 Hilpert Lakes","12","Forward Web Producer","1965-10-02T15:53:51.262","380948099671","Marion.Hoeger@yahoo.com"
"86","Verda","Ward","Anderson","65111 Ledner Stream","58","Central Group Developer","1998-05-12T02:09:39.736","380869498886","Cora17@hotmail.com"
"87","Maye","Parker","Harper","055 Susan Greens","78","International Research Supervisor","1988-05-06T08:04:48.101","380886523696","Arno.Pfannerstill20@yahoo.com"
"88","Amie","O'Reilly","Brooklyn","65561 Cassin Loop","55","Principal Research Associate","1950-02-18T18:18:30.657","380890508878","Tara_Wisoky82@yahoo.com"
"89","Stephania","Reynolds","Nico","39691 Neoma Crest","12","Global Intranet Facilitator","1987-08-27T20:16:37.945","380753550585","Stephon10@yahoo.com"
"90","Ruby","Daugherty","River","6847 Jaquan Islands","38","Chief Program Executive","1947-06-30T12:01:54.165","380943905396","Johnathon_Rippin57@yahoo.com"
"91","Efren","Kuhn","Rory","98113 Favian Locks","15","International Division Facilitator","1947-01-13T21:01:07.676","380828079617","Caden_Roob@gmail.com"
"92","Mitchel","Ortiz","Phoenix","6947 Billie Via","2","Central Branding Developer","1965-04-16T21:55:04.591","380865384806","Joannie20@yahoo.com"
"93","Eusebio","Schulist","Jules","94364 Crooks Estates","78","Corporate Division Manager","1948-03-17T12:19:48.291","380940791886","Major.Pfannerstill62@hotmail.com"
"94","Marlin","Berge","Gray","872 Labadie Turnpike","1","Investor Factors Assistant","1966-05-21T04:31:34.315","380960555625","Norma.Wilkinson47@gmail.com"
"95","Raoul","Schneider","Jordan","3571 VonRueden Circles","9","Internal Identity Strategist","2002-09-05T11:17:09.362","380982086106","Elian.Larson@yahoo.com"
"96","Stephania","Franey","Blake","7094 Crona Passage","77","Lead Accountability Assistant","1947-04-04T10:45:01.371","380945676995","Damion.McKenzie@gmail.com"
"97","Demarco","Ratke","August","9078 Lawrence Square","66","National Response Executive","1966-12-31T05:09:27.117","380770260667","Summer_Jacobson@hotmail.com"
"98","Luna","Schmitt","Angel","722 Leland Crescent","75","Direct Configuration Administrator","1946-06-23T14:07:37.904","380792531315","Valentine.Renner93@yahoo.com"
"99","Chanel","Mayert","Bailey","9005 Jayne Keys","41","Principal Accounts Director","1985-06-24T22:21:30.160","380692619073","Janiya_Miller89@gmail.com"
"100","Guiseppe","Ortiz","Reese","06995 Beaulah Causeway","65","Dynamic Metrics Officer","1973-08-15T13:52:56.009","380810960827","Christian14@yahoo.com"
"101","Eddie","Stanton","Kendall","0452 Jeanie Meadows","61","Lead Factors Executive","1954-08-13T14:12:03.321","380809189216","Syble19@hotmail.com"
"102","Lesley","Gutmann","Logan","2400 Rigoberto Station","37","Human Metrics Assistant","1975-01-16T00:24:10.161","380780191015","Adell.Rutherford@hotmail.com"
"103","Gerardo","Rowe","Reign","619 Elsie Place","84","Internal Intranet Manager","1963-06-28T03:32:19.241","380959431225","Jonathon73@yahoo.com"
"104","Humberto","Haley","August","237 Nienow Locks","88","Product Directives Designer","1952-08-09T23:10:52.688","380733656842","Macie.Lowe13@hotmail.com"
"105","Garland","Botsford","Austin","046 Cremin Skyway","13","Forward Accountability Supervisor","1961-01-27T04:22:01.774","380833842725","Aniyah.Mayert@yahoo.com"
"106","Lauryn","Haag","Reese","059 Lucio Streets","8","Investor Metrics Liaison","1944-03-14T11:35:59.464","380931895156","Richie_Koelpin@gmail.com"
"107","Martina","Heaney","Ryan","30700 Emmitt Parkway","51","Investor Solutions Technician","1969-01-03T12:25:16.448","380832677607","Alisa27@hotmail.com"
"108","Olaf","MacGyver","Sage","907 Carroll Corner","66","Dynamic Functionality Consultant","1992-03-29T19:09:05.115","380765774457","Mercedes.Haley0@hotmail.com"
"109","Keshaun","Boyer","Reese","50949 Sherman Squares","35","Direct Tactics Agent","1978-10-15T17:47:04.787","380907238157","Carley.Reichert@gmail.com"
"110","Luciano","Marks","Kai","8081 Zechariah Skyway","46","International Quality Agent","1997-05-07T09:58:13.766","380901056775","Johan.Dicki@yahoo.com"
"111","Damion","Hartmann","Nico","75478 Mayert Shores","56","Customer Accountability Engineer","1953-02-05T19:20:30.747","380929187501","Osbaldo_Weimann37@gmail.com"
"112","Amelie","Borer","Reese","514 Alfonso Circle","28","Internal Quality Associate","1987-11-28T16:23:29.255","380854210910","Evalyn24@gmail.com"
"113","Ayden","Kulas","Ryan","5418 Hoyt Junctions","31","Direct Web Facilitator","2006-09-06T21:29:33.604","380828981576","Xander_Kunze60@yahoo.com"
"114","Kristian","Auer","Ryan","933 Gleason Lodge","11","District Mobility Planner","1987-11-12T16:31:13.700","380723813825","Doris18@hotmail.com"
"115","Darion","Walter","Finley","5348 Isaac Junction","15","Lead Infrastructure Architect","1999-07-03T19:56:41.065","380716386299","Treva40@gmail.com"
"116","Michaela","Torp","Cameron","756 Bogisich Loop","61","Future Configuration Assistant","1963-07-28T03:22:08.121","380785425266","Nathanial_Smith40@yahoo.com"
"117","Keaton","Gleason","Anderson","8343 Marquardt Mill","77","Product Mobility Planner","1992-04-26T23:12:01.023","380904091065","Lonnie.Marquardt41@yahoo.com"
"118","Zora","Emmerich","Emerson","318 Rey Brooks","28","Human Infrastructure Facilitator","1978-10-24T10:27:29.732","380780040435","Trent72@yahoo.com"
"119","Candido","Trantow","Sawyer","3691 Bayer Pike","27","Investor Integration Developer","1968-02-17T13:03:14.563","380988585665","Tobin1@hotmail.com"
"120","Loy","Rowe","James","6842 Dina Neck","55","Lead Applications Supervisor","1981-03-24T06:40:53.770","380937557490","Sibyl.Schimmel@yahoo.com"
"121","Cecile","King","Charlie","58280 Hauck Loaf","28","International Intranet Representative","1973-09-22T03:46:39.130","380783226988","Afton.Mills@hotmail.com"
"122","Hipolito","Waters","Harper","544 Matilda Ferry","22","Future Assurance Specialist","1981-10-30T05:03:08.012","380954794864","Saige_Leannon@hotmail.com"
"123","Quinten","Corwin","Noah","394 Tremblay Drives","24","Corporate Group Specialist","1974-10-27T06:32:24.890","380807810177","Odessa.Boehm78@gmail.com"
"124","Lula","Bayer","Addison","92580 Schuster Forest","49","Future Factors Executive","1984-06-25T09:04:17.062","380828932726","Terrell58@gmail.com"
"125","Noemie","Rippin","Micah","94751 Klein Prairie","31","Dynamic Optimization Planner","2002-12-15T09:37:06.441","380790215218","Dusty.Gutkowski70@hotmail.com"
"126","Danielle","Schmidt","Hayden","3891 Anika Center","45","National Response Strategist","1991-04-18T01:10:35.401","380900179301","Sam_Jacobs@yahoo.com"
"127","Vladimir","Wiegand","Jamie","4636 Abbott Spur","38","Corporate Division Supervisor","1954-09-03T08:17:18.442","380813397643","Ada_Hane78@gmail.com"
"128","Millie","Bednar","Anderson","37482 Lemke Mountain","10","Human Security Technician","1999-11-22T08:20:34.838","380776065446","Kody13@yahoo.com"
"129","Chaya","Wilderman","Austin","4040 Kautzer Parkway","77","Regional Group Coordinator","1946-06-24T10:24:02.995","380798632339","Araceli_Olson@gmail.com"
"130","Odell","Donnelly","Brooklyn","862 Gislason View","70","Principal Identity Analyst","1983-12-24T11:10:16.326","380764735170","Eric42@yahoo.com"
"131","Gregoria","Hilll","Arden","54895 Dare Expressway","69","District Solutions Producer","2003-10-24T06:34:34.327","380809104554","Gerardo.Rice@hotmail.com"
"132","Aracely","Berge","Rory","3764 Vern Streets","16","Senior Assurance Executive","1982-12-29T12:47:52.846","380752961430","Melany.Beer97@yahoo.com"
"133","Brandi","Lindgren","Kennedy","17578 O'Reilly Fort","28","Human Assurance Designer","1983-07-13T21:40:25.780","380950595898","Destinee_Beer24@yahoo.com"
"134","Marquise","Jacobson","Rory","1864 Hegmann Terrace","21","Regional Marketing Administrator","1979-08-03T01:00:43.150","380913136366","Barton42@yahoo.com"
"135","Adalberto","Marquardt","James","291 Bednar Bypass","35","Legacy Response Orchestrator","1958-03-30T05:34:29.406","380743498743","Georgianna6@yahoo.com"
"136","Monte","Heathcote","Finley","022 Holden Ridge","79","Direct Tactics Producer","1946-05-05T20:31:07.707","380773206231","Alvah_Kiehn@yahoo.com"
"137","Margarete","Friesen","Alex","0524 Kerluke Island","12","International Interactions Associate","1990-02-22T13:03:24.371","380951721565","Felicita83@yahoo.com"
"138","Branson","Bartell","North","1501 Jedidiah Neck","32","Dynamic Communications Technician","1944-06-09T12:53:32.988","380817152156","Isabella30@hotmail.com"
"139","Zoe","Kreiger","James","29226 Marc Estates","74","Lead Assurance Executive","1974-02-06T16:51:40.845","380978415881","Adah84@gmail.com"
"140","Percival","Boehm","Taylor","176 Friesen Park","71","National Marketing Supervisor","1981-03-14T15:22:10.682","380729465266","Dayton_Mohr36@gmail.com"
"141","Freeda","Collier","Brooklyn","557 Zboncak Heights","3","National Intranet Representative","1974-11-15T05:30:31.602","380723726106","Liam.Cronin@yahoo.com"
"142","Lionel","Bode","Brooklyn","02834 Emard Ford","10","Corporate Quality Director","2005-06-02T11:17:27.580","380898801828","Lilly_Abernathy99@hotmail.com"
"143","Roman","Leannon","August","6817 Bennett Plain","61","Principal Paradigm Administrator","1957-08-25T15:32:39.106","380789529056","Camden.Stroman50@yahoo.com"
"144","Vaughn","Nicolas","Finley","80510 Marion Glen","50","Chief Assurance Officer","1969-11-20T12:53:10.541","380864011913","Kevin_Kautzer@hotmail.com"
"145","Vladimir","Hagenes","Blake","1635 Weimann Land","48","Central Accountability Agent","2005-07-03T12:32:10.601","380956297299","Emilia83@hotmail.com"
"146","Jermain","Kautzer","Reagan","5591 Kuphal Inlet","17","Customer Identity Strategist","1957-12-29T22:27:27.908","380860412713","Zoey.Lang@gmail.com"
"147","Lelah","Cummings","Phoenix","02245 Abernathy Inlet","69","Lead Brand Manager","1973-03-06T23:40:32.616","380878030086","Annabelle_Mueller@yahoo.com"
"148","Walter","Hermiston","Jules","4950 Pollich Underpass","21","Investor Communications Director","1960-01-10T02:53:15.066","380944177810","Regan.Cummerata48@hotmail.com"
"149","Brown","Steuber","Anderson","7935 Hammes Drive","43","Legacy Applications Developer","2003-08-10T12:08:11.972","380952140345","Shyanne_Heidenreich@yahoo.com"
"150","Jaquan","Romaguera","Charlie","87290 Cali Flats","45","Human Accountability Assistant","1976-09-15T14:15:39.646","380722279619","Mertie_Breitenberg41@hotmail.com"
"151","Orlando","Davis","Shiloh","49454 Lakin Causeway","84","Human Metrics Executive","1996-10-25T10:17:22.123","380772281045","Zelma_Little@yahoo.com"
"152","Catherine","Rice","Angel","6480 Seth Trafficway","11","Human Group Liaison","1975-01-19T01:04:17.247","380831541719","Madeline52@hotmail.com"
"153","Jayde","Thiel","Sage","227 Balistreri Plaza","10","Human Functionality Consultant","1978-11-29T23:26:46.475","380795952833","Lynn15@yahoo.com"
"154","Annetta","Breitenberg","Bailey","769 Reece Fall","42","National Assurance Strategist","2003-07-02T18:56:40.092","380882908560","Dolly83@gmail.com"
"155","Ansel","Bergnaum","Bailey","8582 Haylee Knoll","13","International Research Technician","1983-05-02T14:15:02.245","380949124110","Elijah_Zieme1@hotmail.com"
"156","Wilhelmine","Powlowski","Addison","87658 Denis Vista","52","Customer Directives Producer","1971-07-08T02:56:34.147","380707882874","Myrna_Bauch@gmail.com"
"157","Lauriane","Sanford","Reign","2555 Swift Corner","6","Direct Optimization Supervisor","1963-05-14T09:43:59.454","380910625742","Rudolph_Lockman91@hotmail.com"
"158","Joanny","Jenkins","Sage","2895 Lloyd Manors","75","Principal Integration Executive","1955-05-29T06:29:52.565","380870039086","Edison_Armstrong7@hotmail.com"
"159","Jaylon","Rosenbaum","Emerson","704 Ole Isle","44","International Web Supervisor","1996-09-19T16:15:51.796","380857130027","Brannon80@gmail.com"
"160","Mireille","Zieme","Leslie","8999 Keven Hills","10","Chief Intranet Strategist","2006-10-11T08:06:24.227","380718769798","Telly_Collier@hotmail.com"
"161","Geovanni","Hagenes","Reagan","045 O'Reilly Extension","41","Forward Implementation Executive","1968-09-09T06:36:32.911","380719047431","Delbert_Padberg@yahoo.com"
"162","Owen","Ritchie","Finley","24318 Deckow Route","93","Central Interactions Officer","2003-05-28T08:49:49.359","380724288073","Dorris89@yahoo.com"
"163","Ilene","Lehner","Bowie","4522 Moen Route","65","Forward Branding Director","1984-01-09T01:37:32.409","380983558236","Jennings.Schuppe14@yahoo.com"
"164","Jettie","O'Kon","Marlowe","950 Arturo Extensions","38","Senior Directives Supervisor","1996-09-07T19:46:34.023","380788443724","Ralph.Leuschke@yahoo.com"
"165","Kadin","Kilback","Robin","750 Edgardo Loaf","2","Dynamic Applications Liaison","1978-02-05T13:17:37.843","380681383108","Dallin.Cummerata83@yahoo.com"
"166","Tiara","Torp","London","21058 Liana Forks","28","Central Accountability Technician","1998-08-16T09:53:45.341","380936896440","Anibal.Schimmel@yahoo.com"
"167","Declan","Medhurst","Sawyer","03827 Felton Wall","55","Future Mobility Liaison","1992-09-16T22:08:18.237","380815125189","Griffin52@gmail.com"
"168","Judd","Blick","Kai","66184 Bergnaum Mountain","71","Future Infrastructure Administrator","1961-02-05T22:13:20.339","380972046614","Rebeka.Kassulke91@hotmail.com"
"169","Joshua","Tillman","River","64377 Stokes Streets","6","Corporate Accounts Technician","1947-02-04T17:36:17.770","380806429438","Leonardo.Monahan@hotmail.com"
"170","Raymond","Buckridge","Riley","654 Dibbert Ranch","13","Customer Markets Consultant","1983-12-30T02:39:58.092","380959975915","Americo.Schroeder@yahoo.com"
"171","Domenick","Quitzon","Bowie","64095 Lorena Forks","73","Investor Research Strategist","1986-11-24T19:57:55.522","380974805367","Alek.Spencer98@gmail.com"
"172","Jeramy","Terry","Elliott","50768 Alfreda Forge","15","Lead Web Technician","1985-01-10T09:39:07.245","380854448419","Sarah77@hotmail.com"
"173","Jake","Blick","Shiloh","46125 Rosanna Orchard","26","Dynamic Paradigm Architect","1989-12-28T18:15:22.912","380827579099","Chase_Keeling@hotmail.com"
"174","Sigrid","Gerhold","Reese","02499 Jakob Glen","54","Corporate Response Liaison","1992-12-08T21:07:57.110","380802179676","Ocie.Mraz@yahoo.com"
"175","Kevon","Gibson","Charlie","295 Guido Plaza","50","Legacy Group Liaison","1960-08-02T23:25:10.623","380827001409","Annamarie69@yahoo.com"
"176","Roscoe","Reynolds","Shawn","9914 Tamia Flats","90","Forward Brand Manager","1988-11-06T21:07:53.347","380859879645","Gilberto_Ferry54@yahoo.com"
"177","Geovanny","Reinger","Shiloh","67235 Yundt Underpass","69","Human Accountability Facilitator","1949-09-05T23:10:05.756","380928667106","Kristoffer.Casper52@hotmail.com"
"178","Jaylan","Champlin","Cameron","46535 Daniel Hollow","3","Chief Program Architect","1999-02-10T14:28:46.274","380920569524","Rosanna34@yahoo.com"
"179","Savion","Pagac","Reign","47654 Kautzer Harbors","61","International Solutions Facilitator","1945-01-18T14:43:38.352","380969054819","Rebekah38@yahoo.com"
"180","Janae","Boehm","Gray","322 Beier Points","64","Regional Division Producer","1992-11-12T20:52:10.714","380785670669","Jaylon.Prosacco25@yahoo.com"
"181","Leila","Hoeger","Bowie","84505 River Burgs","73","International Division Architect","1959-08-01T01:58:45.168","380718850857","Dena_Weissnat@gmail.com"
"182","Casper","Rodriguez","Jordan","112 Leilani Centers","46","Legacy Identity Strategist","1963-01-14T11:44:46.385","380796805337","Stone23@gmail.com"
"183","Hipolito","Botsford","Jules","02297 Nicolas Walk","1","Forward Markets Facilitator","1958-08-24T19:01:30.319","380758352681","Mariam2@gmail.com"
"184","Anastasia","Rosenbaum","Skyler","310 Littel View","84","Internal Response Agent","1962-11-28T11:40:53.856","380840397947","Savannah.Grimes@yahoo.com"
"185","Rosemarie","Beier","Angel","647 Collins Terrace","45","Global Brand Coordinator","1965-09-30T06:44:33.468","380723465662","Ressie82@gmail.com"
"186","Isaiah","Emard","Charlie","7991 Kirlin Turnpike","44","Chief Program Associate","1999-02-03T09:56:23.996","380872164699","Rosamond97@hotmail.com"
"187","Joyce","Cormier","Angel","099 Swaniawski Well","12","Internal Division Liaison","1952-08-02T08:22:44.973","380705053516","Renee.Boyle80@yahoo.com"
"188","Mya","Marvin","Arden","2154 Katrine Estates","62","International Operations Director","1945-08-19T09:33:27.986","380783745925","Jarod_Leffler@yahoo.com"
"189","Frederik","Gorczany","Ellis","25745 Kohler Ridges","73","District Response Specialist","1950-11-24T08:18:26.039","380814566662","Diamond.Durgan31@hotmail.com"
"190","Montana","Jacobson","James","0494 Delaney Bridge","86","Investor Tactics Associate","2002-04-04T14:15:46.442","380947223702","Norval_Jerde37@yahoo.com"
"191","Roel","Kling","Marlowe","01094 Howell Pike","58","Legacy Directives Liaison","1984-06-24T13:08:33.777","380816221626","Willis_Bahringer@hotmail.com"
"192","Roxanne","Farrell","Reese","5469 Savannah Cape","74","District Markets Designer","1947-12-14T15:31:18.442","380739826035","Fabian74@gmail.com"
"193","Graham","Auer","Ryan","5764 Marion Crescent","59","Forward Optimization Engineer","1973-08-20T22:21:13.180","380854517360","Dorian.Tremblay48@gmail.com"
"194","Clemmie","Miller","Cameron","0568 Johnathan Valley","38","Investor Program Architect","1946-09-27T18:54:04.259","380837821286","Celia_Terry41@gmail.com"
"195","Branson","Swift","Arden","13545 Westley Mount","46","Dynamic Assurance Facilitator","1997-09-24T11:27:24.664","380865083190","Danielle87@hotmail.com"
"196","Vanessa","Bruen","Greer","9794 Makenna Ramp","49","Dynamic Response Liaison","1985-11-09T00:17:07.357","380952676258","Jaeden.Volkman24@hotmail.com"
"197","Mckenzie","Johnson","Rowan","28676 Austyn Via","2","Lead Web Analyst","1959-02-17T00:41:03.661","380701225622","Tommie89@hotmail.com"
"198","Caesar","Dibbert","Rowan","3110 Pouros Shoal","92","Principal Assurance Architect","1952-04-29T04:48:00.837","380731702455","Jordyn.Rempel6@gmail.com"
"199","Kurt","Hoeger","Harper","48732 McClure Crest","63","Regional Solutions Executive","1961-05-04T15:26:06.198","380790478584","Kamron.Thompson49@gmail.com"
"200","Nikki","Denesik","Quinn","168 Hermann Hill","18","Product Data Administrator","1974-03-21T11:41:57.049","380943028736","Weston_Veum@gmail.com"
"201","Pat","Lakin","Finley","187 MacGyver Mission","15","Product Research Representative","1959-02-06T15:58:40.829","380888254258","Furman.Hyatt28@hotmail.com"
"202","Dedrick","Luettgen","Phoenix","74005 Lenna Valleys","36","Chief Integration Administrator","1966-10-16T12:26:52.662","380727496945","Gertrude_Ryan48@gmail.com"
"203","Damaris","Russel","Brooklyn","656 Hodkiewicz Views","29","Global Response Coordinator","1951-08-26T15:02:40.724","380822198538","Dawson.Kulas@gmail.com"
"204","Edward","Becker","Greer","6857 Demond River","37","Principal Integration Associate","1955-10-13T09:13:29.580","380819843050","Michele_Lowe33@yahoo.com"
"205","Heather","Stark","Dakota","229 Casper Trafficway","99","Regional Identity Coordinator","1995-02-06T06:49:35.155","380766815566","Aylin.Turcotte@yahoo.com"
"206","Eliezer","Nolan","Angel","97003 Anjali Ridge","35","Corporate Usability Agent","1993-12-05T12:06:50.621","380742730934","Darby4@hotmail.com"
"207","Eloisa","Grimes","River","395 Morissette Point","7","Human Division Manager","1959-08-17T09:08:13.682","380794838610","Eldred_Hudson@yahoo.com"
"208","Noemie","Block","Dakota","854 Betsy Parks","13","Product Implementation Liaison","1972-12-22T14:18:05.249","380811647340","Zackery.Yundt@gmail.com"
"209","Jaycee","Reinger","River","99448 Balistreri Park","80","Customer Creative Officer","1994-06-17T23:19:10.046","380926248269","Lera_Bartell@gmail.com"
"210","Kaia","Reichel","Alex","9118 Danielle Extensions","46","Future Accountability Architect","1979-02-07T02:01:24.262","380814329356","Curt.Trantow@hotmail.com"
"211","Jeramie","Wolf","Ryan","98952 Madisyn Stream","54","Principal Accountability Administrator","1947-12-07T15:09:45.007","380701014497","Candida.Hirthe@hotmail.com"
"212","Nadia","Legros","Sawyer","6005 Gleason Terrace","7","Investor Intranet Orchestrator","2004-07-08T01:14:09.284","380801840158","Maynard.Padberg28@yahoo.com"
"213","Lindsay","Medhurst","Rowan","5559 Douglas Skyway","69","Future Directives Agent","1976-08-06T23:07:49.798","380730277649","Santa.Toy@hotmail.com"
"214","Celestine","Thompson","Jaden","9589 Ankunding Lodge","13","Senior Accountability Specialist","1996-10-23T12:13:51.758","380923937405","Rory.Ankunding40@yahoo.com"
"215","Rosetta","Larkin","Noah","50125 Hahn Divide","42","Legacy Assurance Administrator","1962-02-10T18:16:32.396","380893679603","Carmella_Gislason55@yahoo.com"
"216","Ashtyn","Kuphal","Greer","755 Sienna Shores","30","Internal Implementation Consultant","1970-07-14T10:24:35.366","380890845104","Jamir73@yahoo.com"
"217","Rowena","Nader","Leslie","2579 Corene Spurs","61","Dynamic Communications Associate","1967-05-24T10:45:58.990","380989494161","Stanford_Schiller@gmail.com"
"218","Antone","Kutch","Ryan","13078 Yvonne Gardens","18","Senior Communications Consultant","2001-11-06T18:39:15.744","380777682507","Fletcher_Harber92@yahoo.com"
"219","Jayce","Christiansen","Bailey","4084 Lueilwitz Spring","94","Central Mobility Associate","1982-08-04T11:16:30.726","380805359388","Imelda.Kirlin@yahoo.com"
"220","Laila","Grant","Addison","30464 Hoppe Springs","53","Internal Usability Officer","1994-03-07T00:27:35.080","380764468385","Jewel14@hotmail.com"
"221","Lera","Hamill","Addison","9371 Medhurst Bypass","79","Product Factors Assistant","1967-03-01T12:58:47.011","380847889347","Randal.Johnston@hotmail.com"
"222","Pedro","Kuhn","Jaden","448 Amely Isle","45","Direct Creative Developer","1973-12-09T12:07:58.420","380978197087","Desmond.Schuppe53@gmail.com"
"223","Vanessa","Fahey","Reagan","0632 Layla Mountain","35","Future Brand Consultant","2005-05-07T01:28:17.214","380901441441","Estel.Goyette43@hotmail.com"
"224","Tamara","Johnston","Taylor","63935 Homenick Underpass","23","District Group Developer","1997-04-11T04:42:29.296","380716711982","Darron_Paucek@gmail.com"
"225","Jewell","Funk","London","888 Kirsten Hills","40","District Applications Orchestrator","1992-03-14T06:50:12.559","380725976987","Kelton.Schneider41@yahoo.com"
"226","Arlie","DuBuque","Bailey","070 Davis Landing","10","Direct Interactions Designer","1979-12-23T03:50:36.505","380760124409","Anne99@hotmail.com"
"227","Lucas","Altenwerth","August","10165 Jennings Shores","69","Internal Applications Strategist","1963-09-20T22:42:31.100","380940679841","Judd.Haley80@yahoo.com"
"228","Anika","Fritsch","Arden","9669 Laurie Court","22","Principal Communications Consultant","1958-11-26T06:19:20.043","380915595642","Jermain_Schoen@hotmail.com"
"229","Christophe","Bahringer","Sawyer","984 Gutmann Turnpike","53","Principal Security Coordinator","1982-03-15T13:07:31.284","380888217299","Branson_Klocko51@hotmail.com"
"230","Garrett","Cole","Gray","128 Amari Shoals","76","Dynamic Accounts Director","1948-01-12T13:46:43.884","380948381491","Phoebe_Bradtke@yahoo.com"
"231","Elias","Dickens","Reagan","427 Ellsworth Mount","91","Product Assurance Strategist","1976-01-15T03:55:30.872","380912858773","Ernestina_Hettinger@yahoo.com"
"232","Wilhelm","Bode","Reagan","624 Hudson Burg","12","Lead Quality Assistant","1971-02-26T00:34:44.246","380898217527","Ewald_Fadel@yahoo.com"
"233","Austin","Balistreri","Reign","00550 Geovany Villages","56","Investor Intranet Assistant","1987-05-31T13:49:46.206","380689633896","Eriberto.Ritchie@yahoo.com"
"234","Elinore","Morissette","Alex","7459 Trent Shore","2","National Directives Consultant","1951-10-28T23:08:57.326","380985683984","Candice.Gorczany@hotmail.com"
"235","Vita","Carroll","Anderson","336 Kshlerin Fork","55","Central Directives Associate","1954-04-07T23:04:56.304","380867223852","Trent.Jerde@hotmail.com"
"236","Lorenzo","Hackett","Bowie","47186 Connie Walk","74","Corporate Identity Strategist","1990-05-10T02:18:38.214","380763783003","Kianna_Cormier48@gmail.com"
"237","Ismael","Kiehn","Harper","825 Powlowski Falls","41","Forward Group Representative","1951-04-28T11:36:47.686","380817134425","Larry.Murphy@hotmail.com"
"238","Virginie","Lowe","Cameron","1411 Block Manors","16","International Tactics Associate","1954-09-07T03:36:15.667","380777760650","Alexie88@gmail.com"
"239","Pauline","Kautzer","Noah","651 Meagan Shoals","73","Future Accountability Designer","1991-11-21T21:42:43.742","380842114535","Angie87@hotmail.com"
"240","Holden","Harber","Jamie","1753 Wilton Terrace","34","Principal Infrastructure Director","1999-07-14T13:12:21.865","380862344872","Sebastian_Goldner27@hotmail.com"
"241","Elody","Hauck","Skyler","21754 Tromp Extensions","12","Product Applications Agent","1996-12-30T20:18:55.264","380986797297","Ronaldo64@gmail.com"
"242","Lance","Pacocha","Robin","2444 Ryan Camp","46","Lead Marketing Manager","1954-09-13T13:04:34.313","380776222388","Francisca71@gmail.com"
"243","Blake","Emard","Logan","8700 Celia Lakes","50","Future Research Liaison","1992-01-24T16:12:26.308","380689330259","Brenden24@yahoo.com"
"244","Demetris","Goodwin","Jamie","9604 Schmidt Isle","60","Principal Integration Liaison","1995-09-30T16:05:55.407","380820936065","Enola64@yahoo.com"
"245","Aiden","Mueller","Harper","31888 Runolfsson Motorway","43","Legacy Security Assistant","1976-03-31T07:38:29.230","380712032214","Cary_Jakubowski65@gmail.com"
"246","Arch","Metz","Ellis","9594 Monahan Cliff","43","Dynamic Paradigm Administrator","1947-10-22T11:23:42.269","380783103975","Waylon_McLaughlin20@yahoo.com"
"247","Delaney","Harber","Blake","6916 Haag Pike","64","Lead Program Associate","1964-01-16T11:06:04.843","380986739016","Helga.Carter@gmail.com"
"248","Santa","Smith","Kai","9947 Ernser Haven","99","Investor Web Architect","2002-12-04T18:39:59.672","380759109269","Stevie.Koch8@yahoo.com"
"249","Jeremie","Macejkovic","Finley","26686 Taya Way","4","Future Brand Specialist","1946-03-29T13:27:54.723","380946878113","Jeanette.Labadie84@yahoo.com"
"250","Macy","Bode","Avery","66603 Barrows Estate","78","Human Infrastructure Representative","1992-08-01T12:50:49.492","380958945300","Eve51@gmail.com"
"251","Mark","Ferry","Rory","5237 Cronin Way","84","Central Paradigm Agent","1970-02-08T19:29:08.540","380861203604","Clementine_Krajcik8@gmail.com"
"252","Chaz","Johnston","Sasha","23128 Alisha Coves","12","Future Functionality Representative","1994-09-24T10:23:34.012","380782993101","Elinor_Hirthe@yahoo.com"
"253","Baylee","Schimmel","Bailey","2901 Barney Corners","67","Principal Optimization Facilitator","1983-07-22T17:51:29.088","380983285360","Mohammad11@yahoo.com"
"254","Aylin","Tillman","Riley","082 Blanda Skyway","42","Principal Integration Agent","1944-05-05T07:55:09.455","380980040921","Benny_Rutherford48@hotmail.com"
"255","Annette","Larkin","Shawn","8250 Pauline Prairie","36","Product Directives Planner","1952-03-26T10:16:21.003","380793018498","Louisa61@yahoo.com"
"256","Vada","Dare","Kyle","937 Fahey Lock","20","Legacy Response Administrator","1957-08-21T00:51:46.770","380764822598","Hailee72@hotmail.com"
"257","Nikki","MacGyver","River","063 Nolan Islands","26","Customer Infrastructure Executive","1950-09-27T21:41:18.251","380817024932","Alfreda31@gmail.com"
"258","Esteban","Ward","Anderson","66922 Emmet Drive","86","Investor Mobility Specialist","2004-11-07T18:27:52.400","380811276315","Clyde.Olson@hotmail.com"
"259","Isai","Langosh","Angel","3777 Rosenbaum Estate","67","Global Tactics Representative","1999-10-08T04:27:00.483","380811846767","Ursula40@yahoo.com"
"260","Gerry","Smitham","Blake","63375 Douglas Flats","93","Product Solutions Strategist","1959-01-28T17:09:47.311","380835875342","Brendan.Gutmann89@hotmail.com"
"261","Lillian","Morissette","Parker","295 Coralie Branch","81","Global Creative Director","1982-09-16T13:37:24.307","380758860397","Daisy36@hotmail.com"
"262","Ed","Terry","Harper","85478 Allie Stravenue","17","Central Implementation Officer","1974-11-17T10:24:07.573","380763529016","Sienna.Miller16@gmail.com"
"263","Lavern","Gerlach","Bowie","6446 Ashley Ways","36","Lead Assurance Representative","1955-07-24T04:32:16.716","380708091343","Royce1@yahoo.com"
"264","Quinten","Hyatt","Riley","76458 Hahn Corners","86","Human Solutions Liaison","1961-11-13T13:45:15.779","380889328407","Tyshawn_Harvey79@yahoo.com"
"265","Abel","Dickens","Shiloh","2708 Luettgen Forest","6","Dynamic Communications Technician","1969-01-19T09:26:59.956","380683825321","Larry.Auer91@hotmail.com"
"266","Dave","Reinger","Anderson","00748 Kulas Terrace","85","Direct Marketing Technician","1987-07-10T10:05:59.088","380965913716","Halie_Walsh@hotmail.com"
"267","Carol","Robel","Harper","3068 Avis Mill","64","Human Infrastructure Agent","1983-11-29T18:42:35.284","380969596579","Georgianna_Luettgen30@gmail.com"
"268","Eileen","Berge","Kennedy","3836 Clementine Vista","74","Product Optimization Executive","1967-08-16T02:48:47.851","380859153780","Freddie_Grady@hotmail.com"
"269","Sage","Lakin","Rory","617 Weber Extension","4","Principal Applications Developer","1968-04-21T10:31:49.508","380749098537","Julie_Miller@yahoo.com"
"270","Cornell","Bayer","Rowan","841 Andreane Heights","55","Human Operations Designer","2005-11-27T02:14:19.029","380770279049","Reyes91@gmail.com"
"271","Jasen","Osinski","Sage","066 Tate Fall","44","Customer Accounts Planner","1990-01-26T04:48:53.899","380988156875","Dolores1@gmail.com"
"272","Hudson","Towne","Elliott","27544 Edgar Lock","48","Central Directives Manager","1955-03-08T20:30:00.624","380811428373","Abby49@yahoo.com"
"273","Gust","Rippin","Riley","123 O'Conner Inlet","24","Legacy Branding Strategist","2000-05-06T01:17:22.281","380781054561","Gennaro84@hotmail.com"
"274","Lorena","Goodwin","Bowie","5937 Ladarius Course","53","Forward Factors Architect","1946-08-24T00:02:03.809","380738821638","Lloyd.Wolff@gmail.com"
"275","Bill","Stehr","Shawn","1802 Zora Center","11","Chief Accountability Developer","1971-11-29T11:37:58.490","380734507211","Margarett.Kerluke79@gmail.com"
"276","Dorothea","Moen","Arden","86729 Roberts Streets","92","National Functionality Manager","1987-11-16T03:52:14.623","380773745804","Jena.Greenholt@yahoo.com"
"277","Edward","Daniel","Taylor","12885 Susana Oval","77","Human Division Assistant","1979-02-28T04:29:35.755","380800974440","Wayne56@gmail.com"
"278","Laurianne","O'Connell","Quinn","967 Shane Pine","97","Direct Factors Supervisor","1989-06-26T23:53:40.440","380890748298","Hans75@hotmail.com"
"279","Maurice","Cassin","Taylor","8129 Ludwig Route","59","Product Factors Executive","1969-12-01T19:20:57.808","380714915957","Jacey_Ruecker19@gmail.com"
"280","Josh","Harris","Skyler","8715 Nader Wells","5","Customer Applications Assistant","1984-03-28T11:46:06.231","380942057652","Clinton_Thompson@hotmail.com"
"281","Garrick","Wilkinson","Kyle","818 Bosco Lock","95","District Metrics Facilitator","1954-03-22T14:20:42.702","380731734744","Harmony32@yahoo.com"
"282","Rebeca","Pagac","Jordan","475 Schulist Hill","85","Lead Response Director","2004-05-17T14:14:52.365","380791388817","Cleo.Lesch@yahoo.com"
"283","Cletus","Schaefer","Alex","0713 Alanna Locks","95","Investor Program Associate","1946-05-01T19:32:07.019","380812619884","Berneice84@hotmail.com"
"284","Clay","Jacobs","Sasha","182 Morissette Courts","2","Regional Configuration Coordinator","1948-10-12T08:27:46.568","380717147679","Talon30@yahoo.com"
"285","Raphaelle","Waelchi","Parker","7341 Rosenbaum Shores","7","Corporate Interactions Officer","1982-11-06T04:37:15.762","380690198188","Marilyne.Skiles@yahoo.com"
"286","Estrella","Connelly","Sasha","92325 Schuppe Well","56","Central Functionality Supervisor","2006-11-26T19:04:16.382","380962006758","Ford79@gmail.com"
"287","Marge","Hudson","Ellis","57051 Cyrus Hill","78","Legacy Branding Developer","1983-10-28T16:41:28.167","380915170795","Jovani_Wehner98@yahoo.com"
"288","Merritt","Doyle","Jaden","8037 Johnny Brooks","44","Legacy Research Supervisor","1974-03-14T02:06:28.783","380846770621","Krystal16@yahoo.com"
"289","Fletcher","Kozey","Robin","58582 Breanne Station","76","Central Brand Executive","1956-02-15T15:49:23.854","380781443106","Sherman77@gmail.com"
"290","Daryl","Towne","Riley","212 Kavon Canyon","91","Internal Applications Technician","2006-02-19T12:46:22.716","380796477924","Abelardo.Jerde75@gmail.com"
"291","Reta","Mohr","Phoenix","2230 Auer Crossing","32","Internal Paradigm Representative","2001-11-26T09:57:02.463","380890316837","Nicole.Bashirian0@gmail.com"
"292","Sylvia","Conroy","Dakota","17769 Abe Key","99","Investor Optimization Planner","1979-03-31T06:25:23.409","380689956882","Jessy.Dicki@yahoo.com"
"293","Cydney","Tromp","Austin","77950 Bosco Neck","13","Direct Accounts Analyst","1993-11-03T23:01:26.894","380833781247","Ibrahim62@gmail.com"
"294","Guy","Strosin","North","3909 Freddy Path","25","Chief Communications Architect","1981-02-04T02:46:15.221","380749515630","Mona.Mosciski4@yahoo.com"
"295","Kelsi","Hansen","Reagan","7096 Jessie Coves","83","Corporate Markets Consultant","1997-07-27T07:32:09.350","380778873853","Dave19@yahoo.com"
"296","Destin","Berge","Elliott","519 Kory Walk","44","Internal Configuration Manager","1983-07-18T18:36:16.402","380735329154","Terence_King@hotmail.com"
"297","Rahsaan","Conroy","Blake","2043 Daugherty Neck","95","Dynamic Directives Coordinator","1994-06-13T21:41:10.155","380719747989","Ashly98@yahoo.com"
"298","Rowan","Zulauf","Kendall","4265 Harris Pine","65","Corporate Identity Agent","1955-11-24T19:57:18.506","380820553568","Alexane.Wintheiser35@yahoo.com"
"299","Brenden","Cormier","Reese","892 Marco Road","20","Principal Division Liaison","1946-01-19T18:00:20.793","380781098286","Kory_Schuppe@hotmail.com"
"300","Rogelio","Wintheiser","Corey","545 Alanna Mills","96","Internal Communications Engineer","1975-08-20T04:15:39.015","380929744305","Sandy.Hamill@yahoo.com"
"301","Alene","Yundt","Reign","594 Erdman Landing","60","Product Branding Specialist","1951-04-28T05:19:25.456","380910664431","Marilie39@yahoo.com"
"302","Kareem","Wyman","Cameron","874 Batz Walks","47","Regional Marketing Engineer","1995-02-03T12:12:38.671","380787906311","Gladys_Bednar69@gmail.com"
"303","Imani","Donnelly","Blake","7770 Dibbert River","3","Dynamic Operations Representative","1944-02-08T09:58:45.461","380765789950","Javonte22@hotmail.com"
"304","Amely","Johnston","Billie","8925 Lucious Locks","95","Investor Optimization Engineer","1961-04-27T06:50:32.826","380689222890","Jevon_Bosco56@yahoo.com"
"305","Sedrick","Thompson","Kai","1551 Lacey Fort","85","District Identity Administrator","1999-01-05T20:46:46.475","380947335236","Baylee91@gmail.com"
"306","Ceasar","Hartmann","Charlie","078 Haag Underpass","71","Forward Solutions Developer","1991-08-13T07:55:03.536","380878072905","Ulices.Hilll@gmail.com"
"307","Jackie","Jaskolski","Addison","5507 Veum Gateway","19","Global Accountability Consultant","1958-07-31T14:22:15.759","380857648618","Broderick.Trantow@gmail.com"
"308","Kyra","Oberbrunner","Reign","3809 Simonis Village","4","Internal Tactics Producer","1961-05-24T00:21:42.799","380877917062","Janelle34@gmail.com"
"309","Kathleen","Leannon","Billie","7799 Lauriane Grove","84","Global Accounts Engineer","1946-05-06T14:14:05.019","380963434137","Nella.Jacobs@hotmail.com"
"310","Theo","Schaden","Quinn","047 Walsh Crescent","2","Investor Quality Architect","1974-01-16T06:42:56.760","380755766040","Maymie.McDermott@yahoo.com"
"311","Sabina","Corkery","Alex","607 Hoppe Rest","69","Future Optimization Agent","1947-12-21T19:18:19.672","380968740802","Fredy_Waters@yahoo.com"
"312","Dixie","Fahey","Anderson","7035 Ritchie Shoals","8","Global Marketing Executive","1993-12-14T10:18:53.605","380844933443","Clarabelle.Daniel0@gmail.com"
"313","Travon","Corkery","Rory","591 Rogahn Harbors","9","Future Paradigm Administrator","1959-05-13T03:17:51.756","380684978304","Maegan_Zboncak@yahoo.com"
"314","Ike","Deckow","Robin","33123 Gloria Cliffs","59","Regional Web Facilitator","1950-04-17T20:54:32.018","380900742759","Caitlyn47@yahoo.com"
"315","Ethel","Spencer","Austin","102 Shawna Road","54","Product Program Technician","1974-07-03T14:03:32.050","380926634325","Elvis_Sauer@hotmail.com"
"316","Whitney","Bosco","Reign","447 Jerry Gateway","51","Product Operations Planner","1957-07-06T00:52:42.694","380746210233","Sam_Franey52@hotmail.com"
"317","Loyce","Braun","Billie","0637 Pfannerstill Fords","68","Chief Group Coordinator","1963-10-07T05:43:52.241","380888604405","Naomi_Rosenbaum@yahoo.com"
"318","Margarete","Morissette","Greer","1113 Verna Plain","83","Legacy Infrastructure Director","1986-10-26T22:26:26.890","380759770536","Camryn.Pfeffer@gmail.com"
"319","Dolly","Quitzon","Bailey","15748 Vernie Junctions","9","Future Research Administrator","1975-03-12T14:22:53.657","380981960688","Oran.Terry@yahoo.com"
"320","Marty","McClure","Sasha","76957 Pamela Crest","47","Central Brand Agent","1946-05-07T07:01:21.074","380768656502","Mike90@gmail.com"
"321","Micheal","Gleason","Kai","500 Gulgowski Unions","37","Corporate Web Executive","1965-10-30T02:35:13.783","380853274961","Ramon2@gmail.com"
"322","Nikko","Kling","Micah","94915 Renner Shoals","48","Forward Branding Manager","1977-07-04T10:21:37.285","380800944938","Darryl.Smitham@gmail.com"
"323","Reece","McLaughlin","Elliott","881 Keeling Camp","53","Corporate Division Agent","1969-02-23T21:19:48.287","380709863893","Lucas22@gmail.com"
"324","Gregory","Veum","Taylor","1173 Sydni Run","46","Central Metrics Coordinator","1966-05-23T15:35:39.198","380817193901","Arnold.Bayer@hotmail.com"
"325","Aurelie","Bergnaum","Sawyer","28315 Kiel Points","61","District Interactions Facilitator","2002-10-04T01:15:31.581","380753226270","Bryana.Bednar90@gmail.com"
"326","Javonte","Leannon","August","699 Davion Wells","19","International Mobility Director","1961-07-04T04:20:46.766","380737596537","Cristian94@hotmail.com"
"327","Trycia","Oberbrunner","Kennedy","267 Nicholas Roads","96","Global Accounts Planner","1957-02-07T16:47:24.041","380705581825","Madelynn.Pouros50@yahoo.com"
"328","Sydney","O'Kon","Dakota","2933 Mathias Rest","77","Product Marketing Director","1991-09-29T16:00:16.465","380784515732","Mackenzie.OKeefe@gmail.com"
"329","Andy","Schneider","Jaden","773 Pietro Land","71","Legacy Accountability Specialist","1947-03-24T05:08:27.375","380759976055","Edgardo_Kuhlman@yahoo.com"
"330","Keegan","Rohan","Kai","71696 Vernie Mall","11","Central Response Representative","1959-11-24T23:31:55.736","380860516447","Charley_Kihn@gmail.com"
"331","Jade","Carter","Sasha","057 Ervin Stravenue","98","International Branding Specialist","1965-04-10T18:52:32.210","380951907892","Adolph27@hotmail.com"
"332","Alene","Blanda","Kai","32550 Beatrice Lakes","66","Senior Division Liaison","1977-04-04T11:11:10.062","380775857861","Lilla_Murray@hotmail.com"
"333","Era","Schmidt","Ryan","806 Steuber Ferry","24","Global Assurance Associate","1988-08-24T02:37:31.718","380811522923","Domenica_Gibson67@gmail.com"
"334","Alisa","Gorczany","London","1531 Bernier Highway","99","Global Integration Orchestrator","1985-06-06T17:48:44.076","380976250997","Karina.Becker@yahoo.com"
"335","Jack","Hintz","Kai","3525 Sammie Radial","76","Internal Mobility Assistant","1945-06-11T06:21:42.077","380811326538","Liam_Weimann@gmail.com"
"336","Francis","Barton","Micah","023 Deron Turnpike","52","National Implementation Associate","1963-11-11T03:59:45.605","380987164987","Alfonzo38@yahoo.com"
"337","Lavinia","Trantow","Micah","3242 Moses Spurs","99","Internal Implementation Manager","1991-06-17T01:00:47.716","380786550686","Warren.Jaskolski@gmail.com"
"338","Uriah","Ankunding","North","364 Rosenbaum Ford","90","Chief Markets Orchestrator","1991-03-20T19:54:14.162","380951944145","Carlos38@gmail.com"
"339","Santiago","Kunze","Kennedy","761 Herbert Neck","53","Regional Division Planner","1944-07-15T11:18:14.557","380831790678","Asia.Walsh@yahoo.com"
"340","Alvah","Hackett","Marlowe","01050 O'Connell Knolls","60","District Operations Analyst","1999-12-25T13:13:26.772","380691835764","Tyler.Ward@yahoo.com"
"341","Raina","Mayert","Ellis","1628 Johnston Islands","43","Product Operations Facilitator","1991-12-12T02:21:10.682","380967451920","Margarita.Jacobson78@gmail.com"
"342","Lorna","Russel","Reese","0727 Ratke Branch","51","International Metrics Associate","1977-04-09T11:12:01.024","380747550314","Alvah69@yahoo.com"
"343","Breana","Dickens","Shiloh","83486 Kayli Fork","12","Product Applications Associate","1946-07-05T13:29:44.264","380723867182","Esther88@gmail.com"
"344","Hailee","Jenkins","Shawn","95172 Marvin Ports","90","Future Solutions Officer","1960-07-24T13:52:47.752","380861595138","Lora67@yahoo.com"
"345","Myrtis","Oberbrunner","Harper","488 Rippin Course","35","Customer Research Manager","1968-10-15T12:54:26.596","380791949156","Margarete45@hotmail.com"
"346","Zion","Carroll","Kai","2365 Ortiz Glens","36","Future Accountability Architect","2002-03-25T23:52:12.197","380948704792","Otho28@yahoo.com"
"347","Maxwell","Bashirian","Nico","22378 Mattie Loaf","26","Dynamic Paradigm Coordinator","1945-01-12T07:40:25.300","380757108627","Sven79@gmail.com"
"348","Sabryna","Nikolaus","Addison","95227 Swaniawski Oval","4","International Division Administrator","1997-07-15T15:09:39.742","380929545417","Kaylee.Kilback@gmail.com"
"349","Chasity","Gleichner","Cameron","566 Beahan Meadow","95","Principal Identity Specialist","1947-08-26T15:34:38.239","380733147459","Dusty_Stokes@hotmail.com"
"350","Francesco","Bergstrom","Noah","31280 Corkery Ramp","67","Lead Branding Officer","1989-06-29T21:33:59.142","380889658171","Barbara_Harris@yahoo.com"
"351","Rhea","Rice","Kai","61201 Champlin Cliffs","40","International Operations Planner","1992-10-08T07:26:58.000","380926890997","Christop84@hotmail.com"
"352","Alize","Stroman","Riley","926 Champlin Manors","54","Senior Group Associate","1997-08-21T18:50:24.050","380849988595","Leta_Bechtelar@gmail.com"
"353","Zion","Rogahn","London","40700 Vandervort Roads","4","Product Accounts Coordinator","1985-02-26T07:36:29.165","380962311341","Tara49@gmail.com"
"354","Elda","Paucek","Avery","511 Kuvalis Shoal","89","Internal Marketing Architect","1979-11-28T13:59:23.750","380938720523","Shany_Feeney@gmail.com"
"355","Mozelle","Hansen","Reign","735 Cormier Glens","76","Dynamic Assurance Architect","1967-03-03T01:09:05.753","380754790816","Dameon.Abbott53@yahoo.com"
"356","Vito","Kohler","Marlowe","51928 Margarett Expressway","38","Investor Factors Director","2005-04-28T00:27:27.709","380757210427","Josefa93@hotmail.com"
"357","Hazel","Lind","Elliott","210 Augusta Shoal","31","Product Intranet Facilitator","1967-04-05T09:25:18.201","380857062425","Webster_Hilpert@hotmail.com"
"358","Vince","King","Reign","920 Lehner Hills","26","Direct Brand Architect","1979-05-22T00:39:14.068","380926855153","Nannie_Kassulke4@hotmail.com"
"359","Junior","Pfannerstill","Alex","44421 Lilian Drives","93","Human Group Supervisor","1955-05-27T20:11:37.991","380890811098","Shayne57@yahoo.com"
"360","Rickie","Bernhard","Logan","8157 Tomas Shore","68","Direct Interactions Engineer","1976-11-24T16:05:49.252","380770837893","Yasmine93@hotmail.com"
"361","Serenity","Roberts","Alex","6036 Raul Parkway","40","Customer Paradigm Administrator","1959-12-18T20:09:58.675","380901073362","Doug.Witting@hotmail.com"
"362","Laury","Brown","Kyle","03181 Hoeger Dale","95","Investor Optimization Representative","1948-04-21T03:22:02.067","380689450004","Queen12@gmail.com"
"363","Neha","Balistreri","Emerson","900 Brekke Coves","2","Lead Integration Executive","1983-08-25T18:29:01.980","380986552967","Leola.Bernhard35@gmail.com"
"364","Elouise","Williamson","Rowan","852 Paucek Walk","55","Legacy Usability Technician","1988-03-24T21:16:22.844","380922064763","Juvenal.Jacobs@hotmail.com"
"365","Fred","Streich","Corey","01450 Melba Fort","74","Lead Web Engineer","1971-02-05T10:42:15.531","380964110300","Etha_Flatley@hotmail.com"
"366","Coby","Barton","Nico","69675 Jaskolski Park","78","Human Solutions Supervisor","1987-09-02T06:12:47.348","380816391400","Ervin_Lemke75@gmail.com"
"367","Lorna","Daugherty","Nico","83176 Wilderman Bridge","54","Future Infrastructure Architect","1972-08-18T19:36:24.024","380789290256","Benjamin.Hickle17@gmail.com"
"368","Shanelle","Heller","Harper","13169 Orn Forges","99","Corporate Identity Producer","1962-11-10T18:28:12.848","380969847146","Camron.Hagenes@yahoo.com"
"369","Nola","Gislason","Hayden","48908 Graham Estates","29","Principal Operations Technician","1983-04-02T07:39:45.928","380738103792","Jaeden19@gmail.com"
"370","Ethyl","Kessler","Robin","1436 Michaela Key","7","Direct Configuration Facilitator","2003-05-07T15:55:09.242","380894567868","Dina_Bartoletti@gmail.com"
"371","Daphney","Bechtelar","Emerson","3004 Rempel Brook","85","Legacy Operations Agent","1986-10-11T02:51:02.121","380742926930","Magali.Jaskolski@hotmail.com"
"372","Ansel","Ruecker","Corey","720 Rau Villages","24","National Quality Designer","2005-01-24T22:40:32.442","380903756893","Kitty_Davis69@hotmail.com"
"373","Eloy","Friesen","Gray","77564 Raymond Courts","31","National Data Technician","1978-11-16T17:05:09.739","380842524577","Delia_Bartell34@yahoo.com"
"374","Furman","Klocko","Brooklyn","0005 Cole Greens","92","International Accountability Administrator","1998-08-06T06:26:49.044","380903583946","Elmira97@gmail.com"
"375","Valentine","Prosacco","Sage","0111 Mona Pass","83","Investor Identity Supervisor","1962-03-06T20:29:30.083","380938368008","Eleanore_Waters@gmail.com"
"376","Jaqueline","Cummings","Phoenix","87067 Stephany Village","49","Regional Implementation Planner","1971-04-28T13:14:45.979","380938576201","Jalyn21@gmail.com"
"377","Emilia","Quigley","Greer","441 Nitzsche Way","66","Product Directives Officer","1972-03-07T22:19:25.140","380855834696","Camille_Borer@hotmail.com"
"378","Carmen","Lowe","Kyle","2816 Cedrick Expressway","53","Human Usability Developer","1995-01-19T08:52:07.872","380686972736","Gia.Cronin@yahoo.com"
"379","Gretchen","Thiel","James","9108 Natalie Mews","39","Corporate Factors Orchestrator","1950-12-26T09:05:34.965","380900504119","Alexandrea_Torphy@yahoo.com"
"380","Ransom","Wolf","Blake","658 Waters Rue","72","Legacy Markets Administrator","2005-08-18T23:19:47.654","380892812504","Sedrick_Bednar34@gmail.com"
"381","Kelly","Halvorson","Addison","1188 Eriberto Causeway","44","Lead Research Officer","1972-09-05T00:35:13.486","380949893735","Stephon94@gmail.com"
"382","Dewitt","Blick","Cameron","24567 Abbie Tunnel","97","Global Optimization Representative","1950-09-14T09:29:33.118","380742131860","Sherman30@gmail.com"
"383","Ike","Mante","Hayden","7469 Murl Knoll","33","International Branding Assistant","1992-09-18T18:34:59.009","380757796512","Liza.Jacobson96@yahoo.com"
"384","Tanya","Nikolaus","Kyle","1522 Glen Wells","67","Legacy Solutions Technician","1985-08-02T11:08:53.404","380765831898","Elijah86@hotmail.com"
"385","Vicente","Flatley","Billie","7112 Larkin Drives","24","Human Operations Specialist","1988-01-22T00:30:21.500","380734491071","Jordane.Schaden@yahoo.com"
"386","Lexie","Ziemann","James","541 Swaniawski Shore","5","Lead Factors Representative","1955-10-12T23:49:49.254","380923466716","Hilbert61@gmail.com"
"387","Kristopher","Schowalter","Alex","1954 Schowalter Burg","78","National Branding Officer","1969-07-01T18:13:04.875","380864858783","Braxton.Lang@yahoo.com"
"388","Mercedes","Rippin","River","5390 Stroman Garden","54","Human Accounts Engineer","1962-08-28T02:04:26.441","380935666949","Brett_Cremin@yahoo.com"
"389","Dominique","Bernier","Drew","26545 Balistreri Pass","21","Regional Implementation Producer","1944-09-17T00:28:48.424","380788079479","Moises71@gmail.com"
"390","Otilia","West","Riley","82767 Doyle Forks","24","Product Functionality Liaison","2003-12-20T15:48:34.978","380722449712","Arlo.Grady88@yahoo.com"
"391","Ronny","Hand","Reese","87661 Lawrence Ford","33","Corporate Interactions Consultant","1963-03-26T22:11:52.523","380857270674","Leanne_West24@yahoo.com"
"392","Rebeca","Shanahan","Dakota","9415 Annette Inlet","43","Legacy Marketing Planner","1985-12-10T09:38:18.582","380820879340","Allene_Will18@gmail.com"
"393","Arno","Schuster","Taylor","553 Halvorson Pines","89","Forward Creative Consultant","1956-11-29T05:52:07.706","380893492478","Norene23@gmail.com"
"394","Brain","Wiza","Sasha","6578 Nils Bridge","60","Senior Group Associate","1998-05-12T11:50:21.092","380822038905","Cecile13@yahoo.com"
"395","Jalen","Schultz","Kai","8212 Adams Loop","93","Future Security Director","1962-01-29T02:41:56.935","380704379417","Dudley_Schneider50@yahoo.com"
"396","Marshall","Schultz","Cameron","452 Elfrieda Lodge","52","Chief Factors Strategist","2002-06-27T02:38:35.513","380970110137","Lenore_Leuschke27@yahoo.com"
"397","Kaitlyn","Cruickshank","Jules","4335 Jayda Inlet","31","Product Data Technician","1948-05-13T05:30:23.232","380884632129","Josefa.Yost61@hotmail.com"
"398","Tre","Quitzon","Quinn","490 Volkman Road","22","Regional Factors Administrator","1986-07-07T17:05:50.013","380867884429","Gilda86@hotmail.com"
"399","Kamryn","Roob","Noah","711 Augusta Mews","36","Future Creative Engineer","1982-05-19T10:19:28.459","380939081932","Icie_Frami@yahoo.com"
"400","Ahmad","Bogisich","Reign","42634 Gene Burg","71","Dynamic Mobility Producer","1986-07-03T02:41:11.034","380696259091","Toby_Boehm82@yahoo.com"
"401","Brook","Bechtelar","Cameron","805 Kris Street","27","Senior Brand Assistant","1981-09-28T22:02:58.942","380775563328","Jamey55@gmail.com"
"402","Lourdes","Crist","Marlowe","6786 Cyril Rapids","89","National Infrastructure Developer","2004-08-29T02:29:47.681","380829797903","Dario.Johnston@yahoo.com"
"403","Esther","Morissette","Micah","498 Cloyd Port","27","National Research Engineer","2000-11-19T22:14:42.531","380849701743","Doyle.OHara@yahoo.com"
"404","Alexanne","Collins","Nico","652 Blanda Station","75","Internal Quality Strategist","1961-11-16T01:39:42.095","380943442151","Brionna19@hotmail.com"
"405","General","Willms","Leslie","00016 Cormier Heights","83","Senior Infrastructure Orchestrator","1957-12-19T21:40:47.616","380731902533","Alessandra.MacGyver@gmail.com"
"406","Gillian","Wunsch","Addison","64583 Hand Rapid","98","International Data Specialist","1947-11-13T10:08:09.132","380783857806","Ambrose.White@gmail.com"
"407","Delmer","Jaskolski","Billie","4574 Conn Highway","56","Product Integration Associate","1981-10-19T12:13:42.726","380988589919","Ethan.Murazik@hotmail.com"
"408","Gerald","Kohler","Kyle","185 Brown Cove","41","Human Program Facilitator","1966-07-04T05:15:18.505","380911766477","Hubert_Schumm48@yahoo.com"
"409","Lisandro","Franey","Reign","7367 Kozey Station","56","Chief Usability Officer","1980-02-08T03:16:24.446","380919890305","Nya_Block21@hotmail.com"
"410","Reese","Klocko","Parker","3939 Schmidt Dam","38","Forward Division Associate","1973-06-14T19:56:48.863","380887780892","Demarco_Brakus32@hotmail.com"
"411","Elnora","Wintheiser","Rory","77138 Monique Brook","16","Internal Marketing Liaison","1955-01-25T17:49:04.218","380839805793","Leonard50@yahoo.com"
"412","Jordyn","Batz","Kai","2563 Enoch Brooks","95","Internal Brand Supervisor","1976-06-24T03:35:33.317","380931845541","Edwin_Quigley10@hotmail.com"
"413","Emma","Hermiston","Rowan","34469 Sawayn Valleys","10","Legacy Integration Manager","1967-11-09T06:41:59.007","380709302234","Gladys84@hotmail.com"
"414","Emanuel","Trantow","Micah","87829 Gerhold Knolls","63","District Implementation Orchestrator","1955-04-08T13:29:53.719","380899143246","Kitty_VonRueden83@gmail.com"
"415","Lue","Hickle","Elliott","673 Kathryne Bridge","66","Corporate Tactics Executive","1949-12-31T23:45:11.165","380729696374","Renee4@hotmail.com"
"416","Lorenzo","Ruecker","Billie","1945 Sauer Groves","37","District Mobility Director","1999-01-11T06:13:58.833","380700534003","Alex.Bailey33@gmail.com"
"417","Madaline","Medhurst","Angel","44481 Friesen Radial","59","Internal Operations Developer","1981-09-15T13:34:09.480","380843170593","Daphne.Kihn29@hotmail.com"
"418","Rose","Stroman","Leslie","3694 Kovacek Extensions","2","Forward Accountability Executive","1964-12-14T02:29:11.949","380704535166","Vance_Nikolaus89@yahoo.com"
"419","Avis","Schroeder","Taylor","139 O'Reilly Cliff","32","Regional Group Associate","1982-01-03T00:10:34.440","380747907046","Marilyne.Ledner15@yahoo.com"
"420","Evan","O'Connell","Shiloh","067 Maggio Flats","2","Direct Branding Facilitator","1977-06-12T23:23:37.954","380887805987","Maybell_Schuppe@hotmail.com"
"421","Bernard","Schowalter","Micah","27330 MacGyver Stream","66","Corporate Intranet Producer","1963-01-05T10:56:38.256","380728994661","Jay.Schiller37@hotmail.com"
"422","Jordan","Grant","London","58003 Burdette Ferry","48","Direct Accountability Strategist","1969-07-15T11:39:26.556","380902977050","Xzavier5@yahoo.com"
"423","Lysanne","Reichert","Kai","8511 Keebler Village","14","Central Creative Assistant","1962-08-24T11:31:29.083","380981647259","Natalie.Simonis@yahoo.com"
"424","Norberto","Barton","Ellis","86103 Batz Path","56","Corporate Communications Producer","1982-08-08T10:56:09.695","380924858304","Pearline_Raynor0@yahoo.com"
"425","Robert","Bauch","Micah","8723 Cara Harbors","57","Human Functionality Architect","1969-09-13T11:02:47.718","380895051988","Heaven.Swaniawski@hotmail.com"
"426","Oleta","Gutkowski","Parker","2252 Sebastian Flat","77","National Identity Supervisor","1982-04-28T15:45:51.468","380756165731","Dell.Sporer12@hotmail.com"
"427","Andreane","Dooley","Shawn","32955 Chaz Spur","63","Lead Configuration Director","1945-03-18T16:14:13.064","380690294358","Destin_Feil@yahoo.com"
"428","Lilla","Kub","North","01884 Laverne Expressway","89","National Quality Officer","1996-02-07T21:34:07.366","380878931661","Aaliyah69@hotmail.com"
"429","Toby","McLaughlin","Angel","2743 Kaleb Port","70","Central Group Engineer","1978-10-30T08:13:59.014","380803766777","Genoveva93@yahoo.com"
"430","Bret","Hoppe","Harper","29853 David Isle","29","District Security Liaison","1974-08-13T03:32:45.954","380702354359","Elise_Friesen72@gmail.com"
"431","Leopold","Considine","Bowie","30598 Don Lock","99","Human Marketing Administrator","1998-01-27T05:35:34.723","380768291252","Merl.Thompson@hotmail.com"
"432","Torrance","Nitzsche","Kai","47893 Euna Run","40","District Metrics Representative","1959-02-13T21:10:02.311","380789085958","Jamison79@yahoo.com"
"433","Lizzie","Parker","Robin","2230 Dietrich Mills","4","Customer Research Orchestrator","1979-01-03T21:52:43.848","380745024760","Mitchell84@gmail.com"
"434","Melissa","Sauer","Micah","495 Nova Brooks","23","International Group Executive","1960-03-14T23:37:01.002","380781195926","Lawrence.Orn63@hotmail.com"
"435","Jeanette","McKenzie","Marlowe","48811 Krystal Prairie","36","Principal Accountability Orchestrator","2005-03-12T12:08:52.345","380931054758","Micah.Baumbach44@yahoo.com"
"436","Alda","Jaskolski","Charlie","584 Blaze Green","46","Regional Usability Representative","1983-07-31T07:22:40.982","380856177072","Ramon_Parisian24@hotmail.com"
"437","Zoie","Schneider","Harper","20766 Marie Drives","39","Customer Research Producer","1997-04-30T00:33:00.617","380895933898","Casey21@yahoo.com"
"438","Assunta","Hirthe","London","08708 Rippin Island","82","Lead Directives Officer","2000-12-09T07:50:58.773","380719245393","Ali.Schinner39@gmail.com"
"439","Lora","Sauer","Brooklyn","15324 Boyle Pine","97","Corporate Creative Engineer","1968-06-28T12:15:25.030","380964981523","Romaine_Hauck@hotmail.com"
"440","Torrance","Schoen","Bowie","8422 Balistreri Port","49","Chief Accounts Associate","1959-08-03T00:20:42.651","380861467652","Vance85@gmail.com"
"441","Monserrate","Ullrich","Alex","19492 Felipe Track","97","Lead Solutions Designer","1947-07-25T02:58:31.820","380770496643","Reece79@gmail.com"
"442","Lamont","Robel","Drew","660 Evelyn Mill","54","Corporate Tactics Manager","2006-05-18T22:19:40.898","380783195151","Orrin_Pacocha@gmail.com"
"443","Joey","Casper","Jamie","584 Abbott River","71","Central Functionality Planner","1996-03-01T06:51:09.123","380736525459","Cory_Wolf@gmail.com"
"444","Virgil","Heller","Finley","06283 Audie Cliffs","59","Dynamic Applications Director","1961-05-30T11:45:12.139","380787843970","Adonis_Brakus76@hotmail.com"
"445","Broderick","Abbott","Reagan","814 Yundt Hollow","76","Lead Operations Strategist","1983-11-24T17:46:45.185","380720141927","Larissa.Pagac@hotmail.com"
"446","Sydnie","Gorczany","Marlowe","54600 Violette Plains","48","National Web Orchestrator","1984-06-26T04:33:20.766","380932131782","Darian84@hotmail.com"
"447","Isadore","Hegmann","Jaden","1391 Emilia Overpass","37","Lead Configuration Executive","1981-12-06T00:17:17.024","380779393216","Armand_Swaniawski@yahoo.com"
"448","Stewart","Kertzmann","Jamie","1292 Grimes Avenue","48","Forward Group Strategist","1961-06-30T13:50:51.305","380909710606","Eino98@gmail.com"
"449","Keanu","Dickens","Quinn","416 Nolan Square","11","Human Intranet Associate","1989-10-21T18:39:37.607","380920325139","Nadia.Hyatt85@gmail.com"
"450","Merle","Carter","River","962 Mohammed Trace","91","Regional Group Engineer","1988-04-25T03:06:26.099","380912525711","Rebeka85@hotmail.com"
"451","Kiley","Ruecker","Sawyer","64186 Lynch Fords","80","District Security Developer","2006-11-24T04:57:29.087","380859282463","Bennett_Donnelly@hotmail.com"
"452","Bridget","Windler","Hayden","827 Angelo Canyon","48","International Communications Architect","2000-03-10T23:45:00.018","380914250277","Gail_Leannon@yahoo.com"
"453","Zachary","Crist","James","65905 Sasha Row","55","Internal Factors Architect","2002-10-16T06:19:54.240","380947155078","Hermann54@hotmail.com"
"454","Matilde","Bashirian","August","73373 Schulist Cliffs","79","Senior Markets Administrator","1993-07-31T09:00:39.905","380866528664","Assunta.Swift@gmail.com"
"455","Shayne","Ziemann","Sage","421 Sarina Rapid","55","Corporate Marketing Director","1991-08-30T15:35:07.784","380919441608","Bria.Gislason@yahoo.com"
"456","Winston","Blick","Nico","42723 Braun Tunnel","27","International Functionality Developer","1982-06-26T15:34:35.278","380709822020","Lance_Schaefer50@yahoo.com"
"457","Rosario","Senger","Corey","9224 Kiehn Rest","80","Senior Accountability Engineer","1961-04-20T23:33:41.007","380714863423","Alisa63@hotmail.com"
"458","Jody","Rowe","James","85246 Jordon Mountain","37","International Assurance Facilitator","1990-01-24T23:58:54.178","380716590969","Cyrus91@yahoo.com"
"459","Watson","Pagac","Micah","72122 Caden Gardens","9","National Data Representative","1952-08-06T03:29:10.079","380852651816","Floyd5@hotmail.com"
"460","Delores","Herzog","Gray","4197 Cody Heights","53","Principal Program Designer","1983-12-27T03:34:30.540","380836322808","Jerel.Pouros20@hotmail.com"
"461","Ora","Weissnat","Phoenix","826 Kaitlin Ridge","8","Corporate Functionality Officer","1965-10-09T19:34:57.956","380827863875","Tressa_Kertzmann73@hotmail.com"
"462","Marquis","Parisian","River","9432 Williamson Walks","23","National Communications Executive","1982-11-25T00:05:21.138","380880748986","Rylee.Swaniawski@hotmail.com"
"463","Ezra","Lockman","Quinn","0135 Hintz Mount","56","Human Accountability Architect","1978-04-04T18:33:45.953","380696640748","Gertrude55@yahoo.com"
"464","Hal","Rowe","London","4504 Cruickshank Neck","11","International Applications Planner","1975-08-17T12:23:27.447","380885631976","Clemens42@hotmail.com"
"465","Kennith","Muller","Harper","1473 Hettinger Flats","17","District Factors Executive","1959-05-11T17:34:31.079","380721620070","Vicky.Kautzer94@yahoo.com"
"466","Jaren","Collier","Shiloh","8626 Blair Meadows","50","Future Research Officer","1965-08-24T07:37:56.250","380817833570","Cleo.Runolfsson7@yahoo.com"
"467","Friedrich","Waelchi","Noah","4414 Nitzsche Mission","69","International Directives Executive","1962-12-07T13:51:53.372","380696700944","Woodrow.Mante@yahoo.com"
"468","Skye","Kuphal","Austin","913 Nikki Coves","11","Senior Functionality Assistant","1990-01-25T07:23:09.248","380731698192","Geoffrey_Abbott@yahoo.com"
"469","Amir","Friesen","Phoenix","788 Arnold Forges","65","Chief Infrastructure Associate","1963-11-07T10:47:56.942","380778498618","Jermain75@hotmail.com"
"470","Hermina","Stroman","Austin","1896 Ryan Mill","13","Forward Usability Officer","1986-08-21T22:18:01.206","380932087945","Enola.Hamill33@hotmail.com"
"471","Adrain","Walter","Skyler","73310 Medhurst Freeway","49","Product Assurance Architect","1952-02-22T15:37:13.241","380955258204","Deonte50@hotmail.com"
"472","Jamir","Block","Harper","25227 Estevan Harbor","99","Direct Applications Engineer","1963-11-02T11:22:56.345","380701264311","Buddy90@gmail.com"
"473","Jason","Buckridge","August","11929 Roob Center","56","District Program Supervisor","1988-11-22T09:48:44.988","380762310070","Adam1@gmail.com"
"474","Aubree","Ruecker","Riley","74889 Vernice Flat","13","Senior Metrics Orchestrator","1993-08-30T20:37:46.766","380874948541","Carmela25@hotmail.com"
"475","Rita","Shanahan","Bowie","96195 Shad Hollow","18","Investor Security Agent","1995-09-05T09:58:39.271","380714532751","Kaycee.Nikolaus76@yahoo.com"
"476","Javon","Walter","Robin","52358 Purdy Ranch","94","Forward Usability Director","1984-03-08T01:14:43.344","380753429686","Cassandre.Weber@hotmail.com"
"477","Jaleel","Beahan","Finley","6090 Mraz Ridges","13","National Branding Representative","1997-07-27T05:49:16.426","380728269005","Raul9@hotmail.com"
"478","Kyleigh","Welch","Dakota","5990 Brooks Junction","86","National Security Analyst","1964-07-05T07:11:56.577","380944670544","Hanna_Buckridge@hotmail.com"
"479","Kristoffer","Yost","Taylor","419 Windler Fork","8","Investor Division Technician","1959-04-13T14:49:50.703","380718794623","Daija.Hettinger95@yahoo.com"
"480","Alberta","Watsica","North","2963 Mollie Station","34","Human Factors Analyst","1965-06-13T16:58:32.865","380860122746","Cydney_Kuhlman97@hotmail.com"
"481","Elwyn","Prohaska","Kennedy","5776 Lehner Canyon","5","District Usability Facilitator","1974-04-11T10:56:02.049","380984909084","Fanny.Hoeger@hotmail.com"
"482","Tyrese","Hudson","Emerson","34003 Adrienne Parks","62","Legacy Tactics Administrator","1968-06-23T22:34:16.017","380939488815","Seth69@yahoo.com"
"483","Russell","Block","Jordan","05695 Lorenzo Spring","61","Lead Research Agent","1970-08-27T13:15:25.340","380724711852","Brenda.Turcotte@hotmail.com"
"484","Elza","Waters","August","617 Velva Streets","80","Senior Usability Facilitator","1970-03-06T14:55:27.253","380942768037","Fernando14@hotmail.com"
"485","Brown","Thiel","Taylor","24539 Bailey Course","79","Senior Optimization Specialist","1984-08-21T20:08:37.294","380710616566","Marguerite_Thompson0@gmail.com"
"486","Darby","Konopelski","Leslie","46063 Yoshiko Walk","58","Central Operations Strategist","1960-08-14T21:47:27.643","380977683824","Benton67@yahoo.com"
"487","Monserrat","Willms","Sasha","91068 Swaniawski Alley","90","Direct Optimization Coordinator","1982-05-07T08:09:20.938","380986429624","Alan32@gmail.com"
"488","Gino","McGlynn","Brooklyn","1832 Jones Ridge","43","Direct Marketing Consultant","1949-12-12T23:46:01.522","380892691404","Bertrand.Blanda15@hotmail.com"
"489","Laura","Harber","Parker","397 Emilie Plaza","62","Investor Division Representative","2002-11-17T03:10:03.256","380822995061","Chyna46@hotmail.com"
"490","Daphnee","Huel","Addison","11199 Runte Ramp","20","International Creative Developer","1966-02-21T04:15:43.322","380746062521","Guillermo_OConnell@yahoo.com"
"491","Gust","Gleason","Kyle","3529 Lukas Spring","27","Dynamic Accountability Manager","1993-12-05T16:02:20.261","380799841171","Delpha.Botsford@yahoo.com"
"492","Hugh","Balistreri","Leslie","3143 Corine Mountain","52","Internal Research Liaison","1980-11-20T23:15:01.410","380758396106","Caitlyn_Bins64@hotmail.com"
"493","Preston","Bernhard","Kendall","7302 Medhurst Wells","39","Dynamic Group Consultant","1989-12-12T11:50:12.962","380767539186","Alysha.Kling95@gmail.com"
"494","Jeff","Olson","Jaden","04969 Koss Keys","27","International Brand Assistant","1944-05-17T07:44:07.893","380923317637","Joel_Fadel37@hotmail.com"
"495","Estrella","Rowe","Leslie","671 Golden Greens","66","National Metrics Liaison","1948-06-05T16:10:45.637","380829138929","Keshawn35@hotmail.com"
"496","Kennedi","Pouros","Elliott","41902 Adams Via","20","Principal Infrastructure Manager","2006-01-26T00:38:00.108","380821636104","Gardner.Hauck@yahoo.com"
"497","Ariel","Purdy","Angel","28271 Annabell Manors","84","Human Paradigm Manager","2001-04-10T14:23:11.516","380757002401","Trever60@gmail.com"
"498","Ubaldo","Bergnaum","River","3411 Carter Way","86","Corporate Configuration Agent","1992-03-31T02:17:15.261","380985710573","Darwin_Becker@yahoo.com"
"499","Marty","Hayes","James","332 Hosea Mews","64","Product Accountability Executive","1988-12-05T20:29:40.619","380946906248","Garnet55@yahoo.com"
"500","Judd","Adams","Kennedy","303 Gracie Freeway","8","Regional Identity Designer","1984-04-03T00:52:49.235","380951242062","Dayna_Murphy9@hotmail.com"